{
    "$schema": "https://schema.management.azure.com/schemas/2015-01-01/deploymentParameters.json#",
    "contentVersion": "1.0.0.0",
    "parameters": {
        "subscriptionId": {
            "value": "813202b7-9c14-42b6-8614-7206e3317c62"
        },
        "resourceGroupName": {
            "value": "ManagedPlatform-lod52482859"
        },
        "name": {
            "value": "imgweb52482859"
        },
        "location": {
            "value": "East US"
        },
        "hostingPlanName": {
            "value": "ManagedPlan"
        },
        "serverFarmResourceGroup": {
            "value": "ManagedPlatform-lod52482859"
        },
        "alwaysOn": {
            "value": true
        },
        "ftpsState": {
            "value": "FtpsOnly"
        },
        "autoGeneratedDomainNameLabelScope": {
            "value": "TenantReuse"
        },
        "currentStack": {
            "value": "dotnet"
        },
        "phpVersion": {
            "value": "OFF"
        },
        "netFrameworkVersion": {
            "value": "v8.0"
        }
    }
}